snp_id,chr,pos,variation,variant_type,allele,allele_frequency,allele_count,source
2072596,19,12885686,A>G,snv,G,0.0495208,248,1000Genomes
2072596,19,12885686,A>G,snv,G,0.0523111,335,1000Genomes_30X
2072596,19,12885686,A>G,snv,G,0.0381711,1860,ALFA
2072596,19,12885686,A>G,snv,G,0.0350285,135,ALSPAC
2072596,19,12885686,A>G,snv,G,0.0352679,158,Estonian
2072596,19,12885686,A>G,snv,G,0.0356917,339,ExAC
2072596,19,12885686,A>G,snv,G,0.0357709,47391,GnomAD_exomes
2072596,19,12885686,A>G,snv,G,0.0444909,6640,GnomAD_genomes
2072596,19,12885686,A>G,snv,G,0.0240202,152,GoESP
2072596,19,12885686,A>G,snv,G,0.0721154,15,HapMap
2072596,19,12885686,A>G,snv,G,0.0304586,89,KOREAN
2072596,19,12885686,A>G,snv,G,0.041573,74,Korea1K
2072596,19,12885686,A>G,snv,G,0.037594,270,Korea4K
2072596,19,12885686,A>G,snv,G,0.0233333,14,NorthernSweden
2072596,19,12885686,A>G,snv,G,0.0185185,4,Qatari
2072596,19,12885686,A>G,snv,A,0.4736842,18,SGDP_PRJ
2072596,19,12885686,A>G,snv,G,0.0518853,4018,TOMMO
2072596,19,12885686,A>G,snv,G,0.0467755,12381,TOPMED
2072596,19,12885686,A>G,snv,G,0.0404531,150,TWINSUK
2072597,19,12885926,"A>C,G,T",snv,G,0.444289,2225,1000Genomes
2072597,19,12885926,"A>C,G,T",snv,G,0.447377,2865,1000Genomes_30X
2072597,19,12885926,"A>C,G,T",snv,G,0.314496,17352,ALFA
2072597,19,12885926,"A>C,G,T",snv,G,0.300727,1159,ALSPAC
2072597,19,12885926,"A>C,G,T",snv,G,0.366295,1641,Estonian
2072597,19,12885926,"A>C,G,T",snv,G,0.439206,8012,ExAC
2072597,19,12885926,"A>C,G,T",snv,G,0.375,15,GENOME_DK
2072597,19,12885926,"A>C,G,T",snv,G,0.36602,54586,GnomAD_genomes
2072597,19,12885926,"A>C,G,T",snv,G,0.270488,3162,GoESP
2072597,19,12885926,"A>C,G,T",snv,A,0.0,0,HapMap
2072597,19,12885926,"A>C,G,T",snv,A,0.359781,1052,KOREAN
2072597,19,12885926,"A>C,G,T",snv,A,0.345865,2484,Korea4K
2072597,19,12885926,"A>C,G,T",snv,G,0.36,216,NorthernSweden
2072597,19,12885926,"A>C,G,T",snv,G,0.319444,69,Qatari
2072597,19,12885926,"A>C,G,T",snv,A,0.32,112,SGDP_PRJ
2072597,19,12885926,"A>C,G,T",snv,A,0.441176,15,Siberian
2072597,19,12885926,"A>C,G,T",snv,A,0.262876,20355,TOMMO
2072597,19,12885926,"A>C,G,T",snv,G,0.36035,95381,TOPMED
2072597,19,12885926,"A>C,G,T",snv,G,0.299892,1112,TWINSUK
2072597,19,12885926,"A>C,G,T",snv,A,0.429907,92,Vietnamese
10407416,19,12886919,C>G,snv,G,0.014776,74,1000Genomes
10407416,19,12886919,C>G,snv,G,0.017021,109,1000Genomes_30X
10407416,19,12886919,C>G,snv,G,0.009154,132,ALFA
10407416,19,12886919,C>G,snv,G,0.0,0,ALSPAC
10407416,19,12886919,C>G,snv,G,0.00148,1070,GnomAD_exomes
10407416,19,12886919,C>G,snv,G,0.013062,1950,GnomAD_genomes
10407416,19,12886919,C>G,snv,C,0.5,2,SGDP_PRJ
10407416,19,12886919,C>G,snv,G,0.014549,3851,TOPMED
10407416,19,12886919,C>G,snv,G,0.000809,3,TWINSUK
112631212,19,12886115,T>G,snv,G,0.014377,72,1000Genomes
112631212,19,12886115,T>G,snv,G,0.0154591,99,1000Genomes_30X
112631212,19,12886115,T>G,snv,G,0.0156366,843,ALFA
112631212,19,12886115,T>G,snv,G,0.0124546,48,ALSPAC
112631212,19,12886115,T>G,snv,G,0.0029018,13,Estonian
112631212,19,12886115,T>G,snv,G,0.0134142,1289,ExAC
112631212,19,12886115,T>G,snv,G,0.0125628,17489,GnomAD_exomes
112631212,19,12886115,T>G,snv,G,0.0193457,2888,GnomAD_genomes
112631212,19,12886115,T>G,snv,G,0.0209327,272,GoESP
112631212,19,12886115,T>G,snv,G,0.0033333,2,NorthernSweden
112631212,19,12886115,T>G,snv,G,0.0324074,7,Qatari
112631212,19,12886115,T>G,snv,T,0.375,9,SGDP_PRJ
112631212,19,12886115,T>G,snv,G,1.29e-05,1,TOMMO
112631212,19,12886115,T>G,snv,G,0.0216933,5742,TOPMED
112631212,19,12886115,T>G,snv,G,0.0140237,52,TWINSUK
113487247,19,12886311,"C>-,CC,CCC",delins,-,0.01071,53,1000Genomes
113487247,19,12886311,"C>-,CC,CCC",delins,CCCCCCCCC,6e-05,1,ALFA
113487247,19,12886311,"C>-,CC,CCC",delins,-,0.00109,2,Korea1K
113487247,19,12886311,"C>-,CC,CCC",delins,-,0.02,12,NorthernSweden
117351327,19,12885905,G>A,snv,A,0.0157748,79,1000Genomes
117351327,19,12885905,G>A,snv,A,0.0148345,95,1000Genomes_30X
117351327,19,12885905,G>A,snv,A,0.0003722,19,ALFA
117351327,19,12885905,G>A,snv,A,0.0039499,53,ExAC
117351327,19,12885905,G>A,snv,A,0.0020175,2706,GnomAD_exomes
117351327,19,12885905,G>A,snv,A,0.0026386,394,GnomAD_genomes
117351327,19,12885905,G>A,snv,A,0.0778689,228,KOREAN
117351327,19,12885905,G>A,snv,A,0.0711501,511,Korea4K
117351327,19,12885905,G>A,snv,G,0.5,3,SGDP_PRJ
117351327,19,12885905,G>A,snv,A,0.0724838,5613,TOMMO
117351327,19,12885905,G>A,snv,A,0.0031244,827,TOPMED
117351327,19,12885905,G>A,snv,A,0.046729,10,Vietnamese
