snp_id,chr,pos,gene,variant_type,clinical_significance,function_class_count,mean_AF,locus,genic
6927965,6,135195921,MYB;LOC105378011,snv,benign,4,0.044588100000000006,HBS1L-MYB,0
17064293,6,135200284,MYB;LOC105378011,snv,benign,3,0.06883777777777778,HBS1L-MYB,0
73555742,6,135196970,MYB;LOC105378011,snv,benign,4,0.05944629,HBS1L-MYB,0
13064,6,134966395,HBS1L,snv,unknown,5,0.3413499818181818,HBS1L-MYB,0
210795,6,135188521,MYB,snv,unknown,1,0.3291505,HBS1L-MYB,0
210796,6,135189970,MYB,snv,unknown,1,0.3527090476190476,HBS1L-MYB,0
210798,6,135193420,MYB,snv,unknown,1,0.4115908571428572,HBS1L-MYB,0
210936,6,135219311,MYB;LOC105378011,snv,unknown,5,0.4006821818181818,HBS1L-MYB,0
210937,6,135219242,MYB;LOC105378011,snv,unknown,5,0.41850487999999997,HBS1L-MYB,0
210938,6,135216759,MYB;LOC105378011,snv,unknown,2,0.35272905555555556,HBS1L-MYB,0
210939,6,135216752,MYB;LOC105378011,snv,unknown,2,0.3460299473684211,HBS1L-MYB,0
210940,6,135215448,MYB;LOC105378011,snv,unknown,3,0.43393005,HBS1L-MYB,0
210941,6,135215358,MYB;LOC105378011,snv,unknown,2,0.4227608181818182,HBS1L-MYB,0
210942,6,135214309,MYB;LOC105378011,snv,unknown,2,0.3560638,HBS1L-MYB,0
210943,6,135214102,MYB;LOC105378011,snv,unknown,2,0.3507152857142857,HBS1L-MYB,0
210944,6,135213880,MYB;LOC105378011,snv,unknown,2,0.4189742105263158,HBS1L-MYB,0
210945,6,135213685,MYB;LOC105378011,snv,unknown,2,0.04343968421052632,HBS1L-MYB,0
210946,6,135212146,MYB;LOC105378011,snv,unknown,2,0.43627942105263157,HBS1L-MYB,0
210948,6,135210662,MYB;LOC105378011,snv,unknown,2,0.43126055,HBS1L-MYB,0
210949,6,135210501,MYB;LOC105378011,snv,unknown,2,0.3588998888888889,HBS1L-MYB,0
210950,6,135210313,MYB;LOC105378011,snv,unknown,2,0.3608924761904762,HBS1L-MYB,0
210962,6,135182647,MYB,snv,unknown,3,0.30348231578947366,HBS1L-MYB,0
723388,6,135207584,MYB;LOC105378011,snv,unknown,2,0.39153855000000004,HBS1L-MYB,0
743589,6,135201801,MYB;LOC105378011,snv,unknown,2,0.39267303846153845,HBS1L-MYB,0
949547,6,135022361,HBS1L,snv,unknown,2,0.4390194210526316,HBS1L-MYB,0
952674,6,135028019,HBS1L,snv,unknown,2,0.4433625263157895,HBS1L-MYB,0
978036,6,135021765,HBS1L,snv,unknown,2,0.4433304210526316,HBS1L-MYB,0
987690,6,135029241,HBS1L,snv,unknown,2,0.4189521052631579,HBS1L-MYB,0
997524,6,135055907,HBS1L;LOC124901405,snv,unknown,3,0.0502725,HBS1L-MYB,0
1013891,6,135217501,MYB;LOC105378011,snv,unknown,3,0.3008201904761905,HBS1L-MYB,0
1014020,6,135013288,HBS1L,snv,unknown,2,0.44350005263157893,HBS1L-MYB,0
1014021,6,135013462,HBS1L,snv,unknown,2,0.43544056521739133,HBS1L-MYB,0
1022506,6,135190449,MYB,snv,unknown,1,0.15561695454545454,HBS1L-MYB,0
1023179,6,135022691,HBS1L,snv,unknown,2,0.40868777777777776,HBS1L-MYB,0
1041480,6,135051938,HBS1L,snv,unknown,1,0.41752649999999997,HBS1L-MYB,0
1041481,6,135013925,HBS1L,snv,unknown,2,0.44248984210526315,HBS1L-MYB,0
1590975,6,135030950,HBS1L,snv,unknown,2,0.4451640952380952,HBS1L-MYB,0
1854865,6,135039162,HBS1L,snv,unknown,1,0.4343147857142857,HBS1L-MYB,0
2150680,6,135025993,HBS1L,snv,unknown,2,0.44161599999999995,HBS1L-MYB,0
2150681,6,135054094,HBS1L;LOC124901405,snv,unknown,3,0.45249885,HBS1L-MYB,0
2150682,6,135056494,HBS1L;LOC124901405,snv,unknown,3,0.44365678947368425,HBS1L-MYB,0
2179308,6,135217454,MYB;LOC105378011,snv,unknown,3,0.4232257619047619,HBS1L-MYB,0
2183709,6,135055953,HBS1L;LOC124901405,snv,unknown,3,0.4423771,HBS1L-MYB,0
2237261,6,135213508,MYB;LOC105378011,snv,unknown,2,0.15261416666666666,HBS1L-MYB,0
2297338,6,135054624,HBS1L;LOC124901405,snv,unknown,3,0.4456168583333333,HBS1L-MYB,0
2327578,6,135008831,HBS1L,snv,unknown,2,0.43360423809523807,HBS1L-MYB,0
2327580,6,135043279,HBS1L,snv,unknown,1,0.4408235789473684,HBS1L-MYB,0
2327581,6,135053315,HBS1L;LOC124901405,snv,unknown,3,0.0922621111111111,HBS1L-MYB,0
3071557,6,135016916,HBS1L,delins,unknown,2,0.4625595714285714,HBS1L-MYB,0
3071559,6,135027777,HBS1L,delins,unknown,2,0.364,HBS1L-MYB,0
3216774,6,135218251,MYB;LOC105378011,delins,unknown,6,0.40774285714285713,HBS1L-MYB,0
3752383,6,135201617,MYB;LOC105378011,snv,unknown,2,0.13935823076923076,HBS1L-MYB,0
3756799,6,135019873,HBS1L,snv,unknown,2,0.44046965,HBS1L-MYB,0
3819409,6,135204258,MYB;LOC105378011,snv,unknown,2,0.39281691304347827,HBS1L-MYB,0
3819410,6,135204599,MYB;LOC105378011,snv,unknown,2,0.3841626842105263,HBS1L-MYB,0
3834279,6,135020162,HBS1L,delins,unknown,2,0.24735,HBS1L-MYB,0
4134030,6,135032956,HBS1L,snv,unknown,2,0.434775875,HBS1L-MYB,0
4142299,6,135056048,HBS1L;LOC124901405,snv,unknown,3,0.4416021,HBS1L-MYB,0
4273704,6,134976382,HBS1L,snv,unknown,2,0.4425326842105263,HBS1L-MYB,0
4376364,6,134986347,HBS1L,snv,unknown,2,0.19144173684210525,HBS1L-MYB,0
4376365,6,134986602,HBS1L,snv,unknown,2,0.43965445000000003,HBS1L-MYB,0
4388304,6,134988459,HBS1L,snv,unknown,2,0.3964350625,HBS1L-MYB,0
4407732,6,134974935,HBS1L,snv,unknown,2,0.4172174117647059,HBS1L-MYB,0
4445070,6,134988074,HBS1L,snv,unknown,2,0.4482335,HBS1L-MYB,0
4451151,6,134989408,HBS1L,snv,unknown,2,0.4422201578947369,HBS1L-MYB,0
4559100,6,135002947,HBS1L,snv,unknown,2,0.4116562631578948,HBS1L-MYB,0
4580893,6,134976524,HBS1L,snv,unknown,2,0.34455094444444445,HBS1L-MYB,0
4637662,6,134977020,HBS1L,snv,unknown,2,0.43948815,HBS1L-MYB,0
4895434,6,134972227,HBS1L,snv,unknown,2,0.4157172,HBS1L-MYB,0
4895435,6,134972325,HBS1L,snv,unknown,2,0.41627585,HBS1L-MYB,0
4895436,6,134973863,HBS1L,snv,unknown,2,0.44050131578947366,HBS1L-MYB,0
4895437,6,134996216,HBS1L,snv,unknown,2,0.3475463529411765,HBS1L-MYB,0
4895438,6,134996527,HBS1L,snv,unknown,2,0.4499166,HBS1L-MYB,0
4895439,6,134997716,HBS1L,snv,unknown,2,0.4445493272727273,HBS1L-MYB,0
4896119,6,134972253,HBS1L,snv,unknown,2,0.44321725,HBS1L-MYB,0
4896120,6,134972374,HBS1L,snv,unknown,2,0.4029624210526316,HBS1L-MYB,0
4896121,6,134972507,HBS1L,snv,unknown,2,0.43990785,HBS1L-MYB,0
4896122,6,134973943,HBS1L,snv,unknown,2,0.4394933333333333,HBS1L-MYB,0
4896123,6,134974272,HBS1L,snv,unknown,2,0.4146474210526316,HBS1L-MYB,0
4896125,6,135021431,HBS1L,snv,unknown,2,0.43837315,HBS1L-MYB,0
4896126,6,135021648,HBS1L,snv,unknown,2,0.4177704117647059,HBS1L-MYB,0
4896127,6,135024321,HBS1L,snv,unknown,2,0.34691977777777777,HBS1L-MYB,0
4896128,6,135028618,HBS1L,snv,unknown,2,0.33384759090909094,HBS1L-MYB,0
4896129,6,135028707,HBS1L,snv,unknown,2,0.34234694736842103,HBS1L-MYB,0
4896130,6,135033980,HBS1L,snv,unknown,2,0.40213029999999994,HBS1L-MYB,0
5880242,6,135026877,HBS1L,delins,unknown,2,0.4023857142857143,HBS1L-MYB,0
6149819,6,135032934,HBS1L,delins,unknown,2,0.4646426666666667,HBS1L-MYB,0
6569986,6,134990503,HBS1L,snv,unknown,2,0.3452723529411765,HBS1L-MYB,0
6569987,6,135002239,HBS1L,snv,unknown,2,0.08007876470588236,HBS1L-MYB,0
6569988,6,135031165,HBS1L,snv,unknown,2,0.43292415789473687,HBS1L-MYB,0
6569989,6,135040776,HBS1L,snv,unknown,1,0.0833577,HBS1L-MYB,0
6569990,6,135044680,HBS1L,snv,unknown,1,0.44342363636363635,HBS1L-MYB,0
6902438,6,135015449,HBS1L,snv,unknown,2,0.43471338095238093,HBS1L-MYB,0
6902888,6,135015719,HBS1L,snv,unknown,2,0.4413973888888889,HBS1L-MYB,0
6902954,6,134992856,HBS1L,snv,unknown,2,0.43765390000000004,HBS1L-MYB,0
6903427,6,135044207,HBS1L,snv,unknown,1,0.09360112500000001,HBS1L-MYB,0
6908512,6,135046619,HBS1L,snv,unknown,1,0.42182552631578946,HBS1L-MYB,0
6908681,6,135016595,HBS1L,snv,unknown,2,0.4432848,HBS1L-MYB,0
6909975,6,134994432,HBS1L,snv,unknown,2,0.4312819,HBS1L-MYB,0
6910530,6,135011632,HBS1L,snv,unknown,2,0.42926511111111115,HBS1L-MYB,0
6913228,6,135182912,MYB,snv,unknown,3,0.38191793749999997,HBS1L-MYB,0
6915770,6,135048076,HBS1L,snv,unknown,1,0.4163226,HBS1L-MYB,0
6919208,6,135213879,MYB;LOC105378011,snv,unknown,2,0.08082057142857144,HBS1L-MYB,0
6919862,6,135031305,HBS1L,snv,unknown,2,0.43976085,HBS1L-MYB,0
6920829,6,135198362,MYB;LOC105378011,snv,unknown,1,0.1746040909090909,HBS1L-MYB,0
6922903,6,135186256,MYB,snv,unknown,1,0.17976604761904763,HBS1L-MYB,0
6923512,6,135014130,HBS1L,snv,unknown,2,0.33626645454545456,HBS1L-MYB,0
6923765,6,135014038,HBS1L,snv,unknown,2,0.41331144444444445,HBS1L-MYB,0
6923827,6,135014244,HBS1L,snv,unknown,2,0.4250769545454546,HBS1L-MYB,0
6925424,6,134992810,HBS1L,snv,unknown,2,0.42289784210526316,HBS1L-MYB,0
6929661,6,135007654,HBS1L,snv,unknown,2,0.4417168636363636,HBS1L-MYB,0
6936293,6,135214883,MYB;LOC105378011,snv,unknown,2,0.16306509523809526,HBS1L-MYB,0
6940258,6,135044994,HBS1L,snv,unknown,1,0.35083095000000003,HBS1L-MYB,0
6940878,6,135045171,HBS1L,snv,unknown,1,0.3216549444444444,HBS1L-MYB,0
7738267,6,135216055,MYB;LOC105378011,snv,unknown,2,0.170519,HBS1L-MYB,0
7741515,6,135053230,HBS1L;LOC124901405,snv,unknown,3,0.4426266,HBS1L-MYB,0
7741626,6,134993044,HBS1L,snv,unknown,2,0.4439316315789474,HBS1L-MYB,0
7742542,6,135037429,HBS1L,snv,unknown,3,0.44643664782608694,HBS1L-MYB,0
7744765,6,135202445,MYB;LOC105378011,snv,unknown,2,0.3947171428571428,HBS1L-MYB,0
7748274,6,135034585,HBS1L,snv,unknown,2,0.4464571578947368,HBS1L-MYB,0
7748403,6,135034536,HBS1L,snv,unknown,2,0.10099185714285715,HBS1L-MYB,0
7750300,6,135029812,HBS1L,snv,unknown,2,0.443853,HBS1L-MYB,0
7750574,6,135029794,HBS1L,snv,unknown,2,0.3421618947368421,HBS1L-MYB,0
7754150,6,135035899,HBS1L,snv,unknown,2,0.083831,HBS1L-MYB,0
7755680,6,134973121,HBS1L,snv,unknown,2,0.4194642,HBS1L-MYB,0
7757388,6,135201544,MYB;LOC105378011,snv,unknown,2,0.12013966666666666,HBS1L-MYB,0
7761964,6,134993127,HBS1L,snv,unknown,2,0.34529963157894733,HBS1L-MYB,0
7762830,6,135202636,MYB;LOC105378011,snv,unknown,2,0.38996675000000003,HBS1L-MYB,0
7763836,6,135041240,HBS1L,snv,unknown,1,0.45004105,HBS1L-MYB,0
7766189,6,135032713,HBS1L,snv,unknown,2,0.4440788095238095,HBS1L-MYB,0
7769858,6,135038629,HBS1L,snv,unknown,1,0.09352812499999999,HBS1L-MYB,0
7773126,6,134997252,HBS1L,snv,unknown,2,0.4146422727272727,HBS1L-MYB,0
7774749,6,135035979,HBS1L,snv,unknown,2,0.09334288888888889,HBS1L-MYB,0
9321481,6,135031510,HBS1L,snv,unknown,2,0.45015530000000004,HBS1L-MYB,0
9321493,6,135205630,MYB;LOC105378011,snv,unknown,2,0.36810818181818183,HBS1L-MYB,0
9321494,6,135206176,MYB;LOC105378011,snv,unknown,2,0.4294083125,HBS1L-MYB,0
9373118,6,134975697,HBS1L,snv,unknown,2,0.19071938095238095,HBS1L-MYB,0
9373119,6,134983871,HBS1L,snv,unknown,2,0.03865365,HBS1L-MYB,0
9373120,6,135001191,HBS1L,snv,unknown,2,0.19389954999999998,HBS1L-MYB,0
9373121,6,135037778,HBS1L,snv,unknown,3,0.18720682608695652,HBS1L-MYB,0
9373122,6,135052396,HBS1L,snv,unknown,1,0.43993815789473684,HBS1L-MYB,0
9376073,6,134969785,HBS1L,snv,unknown,2,0.18545104761904763,HBS1L-MYB,0
9376074,6,134970980,HBS1L,snv,unknown,2,0.3542806956521739,HBS1L-MYB,0
9376075,6,134975825,HBS1L,snv,unknown,2,0.4410948,HBS1L-MYB,0
9376076,6,134978230,HBS1L,snv,unknown,2,0.18765636842105263,HBS1L-MYB,0
9376077,6,134978575,HBS1L,snv,unknown,2,0.4302765714285714,HBS1L-MYB,0
9376078,6,134992932,HBS1L,snv,unknown,2,0.19460473684210525,HBS1L-MYB,0
9376079,6,134993145,HBS1L,snv,unknown,2,0.1910426,HBS1L-MYB,0
9376080,6,134994260,HBS1L,snv,unknown,2,0.18830013636363638,HBS1L-MYB,0
9376081,6,135023240,HBS1L,snv,unknown,2,0.2089514375,HBS1L-MYB,0
9376082,6,135025251,HBS1L,snv,unknown,2,0.4416255263157895,HBS1L-MYB,0
9376083,6,135030582,HBS1L,snv,unknown,2,0.1942677619047619,HBS1L-MYB,0
9376084,6,135038908,HBS1L,snv,unknown,1,0.19679790476190476,HBS1L-MYB,0
9376085,6,135050086,HBS1L,snv,unknown,1,0.4232511904761905,HBS1L-MYB,0
9376086,6,135050191,HBS1L,snv,unknown,1,0.44287286363636363,HBS1L-MYB,0
9376087,6,135051093,HBS1L,snv,unknown,1,0.42850770588235293,HBS1L-MYB,0
9385714,6,135024809,HBS1L,snv,unknown,2,0.18957249999999998,HBS1L-MYB,0
9385719,6,135203378,MYB;LOC105378011,snv,unknown,2,0.3901226583333333,HBS1L-MYB,0
9389251,6,135004579,HBS1L,snv,unknown,2,0.4356071,HBS1L-MYB,0
9389253,6,135008617,HBS1L,snv,unknown,2,0.44280945000000005,HBS1L-MYB,0
9389254,6,135009571,HBS1L,snv,unknown,2,0.4406231578947369,HBS1L-MYB,0
9389255,6,135009735,HBS1L,snv,unknown,2,0.44582744444444444,HBS1L-MYB,0
9389256,6,135010116,HBS1L,snv,unknown,2,0.4494578095238095,HBS1L-MYB,0
9389257,6,135023173,HBS1L,snv,unknown,2,0.4454697368421052,HBS1L-MYB,0
9389258,6,135040002,HBS1L,snv,unknown,1,0.43909145,HBS1L-MYB,0
9389260,6,135047193,HBS1L,snv,unknown,1,0.18665068181818184,HBS1L-MYB,0
9389261,6,135050010,HBS1L,snv,unknown,1,0.44003584210526314,HBS1L-MYB,0
9389278,6,135204789,MYB;LOC105378011,snv,unknown,2,0.3926731904761904,HBS1L-MYB,0
9399130,6,134987993,HBS1L,snv,unknown,2,0.1922095,HBS1L-MYB,0
9399132,6,134991585,HBS1L,snv,unknown,2,0.18719829411764705,HBS1L-MYB,0
9399135,6,135047176,HBS1L,snv,unknown,1,0.41815925,HBS1L-MYB,0
9402669,6,134966275,HBS1L,snv,unknown,3,0.18306705,HBS1L-MYB,0
9402671,6,134996651,HBS1L,snv,unknown,2,0.18751115000000002,HBS1L-MYB,0
9402674,6,135001606,HBS1L,snv,unknown,2,0.19713472222222223,HBS1L-MYB,0
9402675,6,135004656,HBS1L,snv,unknown,2,0.4167477222222222,HBS1L-MYB,0
9402676,6,135034369,HBS1L,snv,unknown,2,0.441931,HBS1L-MYB,0
9402677,6,135049570,HBS1L,snv,unknown,1,0.4188619,HBS1L-MYB,0
9402678,6,135050965,HBS1L,snv,unknown,1,0.40448476470588235,HBS1L-MYB,0
9402679,6,135051096,HBS1L,snv,unknown,1,0.07815466666666666,HBS1L-MYB,0
9402696,6,135203415,MYB;LOC105378011,snv,unknown,2,0.348823,HBS1L-MYB,0
9483799,6,135204821,MYB;LOC105378011,snv,unknown,2,0.0732009,HBS1L-MYB,0
9483800,6,135207350,MYB;LOC105378011,snv,unknown,2,0.07192438461538461,HBS1L-MYB,0
9494128,6,134974694,HBS1L,snv,unknown,2,0.06182144444444445,HBS1L-MYB,0
9494173,6,135184567,MYB,snv,unknown,1,0.06926666666666666,HBS1L-MYB,0
9494174,6,135194274,MYB,snv,unknown,1,0.06439544444444445,HBS1L-MYB,0
9494176,6,135200948,MYB;LOC105378011,snv,unknown,2,0.07048944444444444,HBS1L-MYB,0
9494177,6,135207853,MYB;LOC105378011,snv,unknown,2,0.07315372727272727,HBS1L-MYB,0
9688342,6,135001888,HBS1L,snv,unknown,2,0.4396557222222222,HBS1L-MYB,0
10484496,6,134978544,HBS1L,snv,unknown,2,0.3231260454545455,HBS1L-MYB,0
10484497,6,134967823,HBS1L,snv,unknown,2,0.06714975,HBS1L-MYB,0
10605981,6,135011906,HBS1L,delins,unknown,2,0.23165,HBS1L-MYB,0
10872427,6,135032314,HBS1L,snv,unknown,2,0.42930921052631577,HBS1L-MYB,0
11154790,6,134991807,HBS1L,snv,unknown,2,0.4396713333333333,HBS1L-MYB,0
11154794,6,135194310,MYB,snv,unknown,1,0.153972064,HBS1L-MYB,0
11270443,6,135002065,HBS1L,delins,unknown,2,0.4334838333333333,HBS1L-MYB,0
11314951,6,135001475,HBS1L,delins,unknown,2,0.024570142857142856,HBS1L-MYB,0
11319479,6,135036408,HBS1L,del,unknown,2,0.018702275,HBS1L-MYB,0
11336026,6,135004261,HBS1L,delins,unknown,2,0.2497,HBS1L-MYB,0
11339846,6,134995097,HBS1L,delins,unknown,2,0.45591813333333336,HBS1L-MYB,0
11390141,6,135041148,HBS1L,delins,unknown,1,0.400025,HBS1L-MYB,0
11433082,6,135207738,MYB;LOC105378011,delins,unknown,2,0.38636,HBS1L-MYB,0
11433393,6,135004518,HBS1L,delins,unknown,2,0.46197314285714286,HBS1L-MYB,0
11753673,6,134995338,HBS1L,snv,unknown,2,0.34586727777777776,HBS1L-MYB,0
11754021,6,134987237,HBS1L,snv,unknown,2,0.3390346111111111,HBS1L-MYB,0
11754265,6,135035078,HBS1L,snv,unknown,2,0.42979175,HBS1L-MYB,0
11754504,6,135000371,HBS1L,snv,unknown,2,0.4351606315789474,HBS1L-MYB,0
11754783,6,135026523,HBS1L,snv,unknown,2,0.4409237368421053,HBS1L-MYB,0
11755229,6,135048775,HBS1L,snv,unknown,1,0.4228593809523809,HBS1L-MYB,0
11756749,6,135035331,HBS1L,snv,unknown,2,0.18070864705882353,HBS1L-MYB,0
11756988,6,135026457,HBS1L,snv,unknown,2,0.4384635,HBS1L-MYB,0
11757723,6,134970155,HBS1L,snv,unknown,2,0.34087536842105265,HBS1L-MYB,0
11757991,6,135023293,HBS1L,snv,unknown,2,0.05769853846153846,HBS1L-MYB,0
11759999,6,135049357,HBS1L,snv,unknown,1,0.41415741176470583,HBS1L-MYB,0
11760000,6,135049358,HBS1L,snv,unknown,1,0.4220241176470588,HBS1L-MYB,0
11961874,6,135047368,HBS1L,snv,unknown,1,0.06245149999999999,HBS1L-MYB,0
11962836,6,135198179,MYB;LOC105378011,snv,unknown,1,0.09139066666666668,HBS1L-MYB,0
11963222,6,135049074,HBS1L,snv,unknown,1,0.06433459999999999,HBS1L-MYB,0
11967110,6,135008601,HBS1L,snv,unknown,2,0.0600156,HBS1L-MYB,0
11970574,6,135013546,HBS1L,snv,unknown,2,0.080443625,HBS1L-MYB,0
12203816,6,135208423,MYB;LOC105378011,snv,unknown,2,0.3659013333333333,HBS1L-MYB,0
12525425,6,134984166,HBS1L,snv,unknown,2,0.19883069565217393,HBS1L-MYB,0
12526055,6,135004780,HBS1L,snv,unknown,2,0.42612354999999996,HBS1L-MYB,0
12526072,6,134982218,HBS1L,snv,unknown,2,0.19177927272727271,HBS1L-MYB,0
12527683,6,135003396,HBS1L,snv,unknown,2,0.4159028947368421,HBS1L-MYB,0
12527707,6,135003373,HBS1L,snv,unknown,2,0.44297873684210526,HBS1L-MYB,0
12530466,6,135211130,MYB;LOC105378011,snv,unknown,2,0.05199293333333333,HBS1L-MYB,0
12660713,6,135196858,MYB;LOC105378011,snv,unknown,2,0.13944158260869566,HBS1L-MYB,0
12661423,6,135028432,HBS1L,snv,unknown,2,0.4335903809523809,HBS1L-MYB,0
12663447,6,134995888,HBS1L,snv,unknown,2,0.34167747368421053,HBS1L-MYB,0
12663543,6,135196476,MYB;LOC105378011,snv,unknown,1,0.16277995833333334,HBS1L-MYB,0
12663810,6,134968644,HBS1L,snv,unknown,2,0.3370312352941176,HBS1L-MYB,0
12664898,6,134967525,HBS1L,snv,unknown,2,0.337793,HBS1L-MYB,0
13191501,6,135045742,HBS1L,snv,unknown,1,0.44676921052631574,HBS1L-MYB,0
13192235,6,135025213,HBS1L,snv,unknown,2,0.08951263157894736,HBS1L-MYB,0
13197750,6,134991242,HBS1L,snv,unknown,2,0.3426123,HBS1L-MYB,0
13199205,6,134965367,HBS1L,snv,unknown,2,0.4068336,HBS1L-MYB,0
13209780,6,135023657,HBS1L,snv,unknown,2,0.33668155555555557,HBS1L-MYB,0
13209789,6,135046778,HBS1L,snv,unknown,1,0.44138252631578945,HBS1L-MYB,0
13214669,6,134978821,HBS1L,snv,unknown,2,0.3202978181818182,HBS1L-MYB,0
13218642,6,134988802,HBS1L,snv,unknown,2,0.43892815,HBS1L-MYB,0
17064280,6,135190744,MYB,snv,unknown,1,0.058708666666666666,HBS1L-MYB,0
17064281,6,135191266,MYB,snv,unknown,1,0.04792606666666666,HBS1L-MYB,0
17064283,6,135191353,MYB,snv,unknown,1,0.06516263636363637,HBS1L-MYB,0
17064291,6,135196676,MYB;LOC105378011,snv,unknown,1,0.05221002777777778,HBS1L-MYB,0
17638970,6,134998925,HBS1L,snv,unknown,2,0.441759,HBS1L-MYB,0
17639758,6,135202112,MYB;LOC105378011,snv,unknown,2,0.1019734375,HBS1L-MYB,0
17720864,6,135187715,MYB,snv,unknown,1,0.07306666666666667,HBS1L-MYB,0
28482814,6,135185296,MYB,snv,unknown,1,0.07448255555555555,HBS1L-MYB,0
34117575,6,135185304,MYB,snv,unknown,1,0.112487,HBS1L-MYB,0
34125490,6,134968768,HBS1L,del,unknown,2,0.2685435,HBS1L-MYB,0
34343700,6,135024550,HBS1L,delins,unknown,2,0.3113666666666666,HBS1L-MYB,0
34360561,6,134991170,HBS1L,delins,unknown,2,0.35368533333333335,HBS1L-MYB,0
34363018,6,134968240,HBS1L,delins,unknown,2,0.15845099999999998,HBS1L-MYB,0
34531160,6,135046252,HBS1L,delins,unknown,1,0.4621370666666667,HBS1L-MYB,0
34546690,6,135048571,HBS1L,snv,unknown,1,0.4483474210526316,HBS1L-MYB,0
34642393,6,135028498,HBS1L,delins,unknown,2,0.3454595,HBS1L-MYB,0
34723585,6,135208082,MYB;LOC105378011,delins,unknown,2,0.31278,HBS1L-MYB,0
34784084,6,135032183,HBS1L,snv,unknown,2,0.09452725000000001,HBS1L-MYB,0
34794900,6,135045839,HBS1L,delins,unknown,1,0.3819333333333333,HBS1L-MYB,0
34931156,6,135193692,MYB,delins,unknown,1,0.1504388125,HBS1L-MYB,0
35043222,6,134971105,HBS1L,delins,unknown,2,0.3872333333333333,HBS1L-MYB,0
35057238,6,134998424,HBS1L,delins,unknown,2,0.46225506666666666,HBS1L-MYB,0
35078158,6,134965301,HBS1L,delins,unknown,2,0.31033,HBS1L-MYB,0
35123050,6,134981602,HBS1L,snv,unknown,2,0.4301485263157895,HBS1L-MYB,0
35138768,6,135217370,MYB;LOC105378011,delins,unknown,3,0.38825714285714286,HBS1L-MYB,0
35277818,6,134980757,HBS1L;MIR3662,delins,unknown,4,0.401566625,HBS1L-MYB,0
35367489,6,135023317,HBS1L,snv,unknown,2,0.34806166666666666,HBS1L-MYB,0
35485255,6,135006317,HBS1L,snv,unknown,2,0.09534406249999999,HBS1L-MYB,0
35511460,6,135028265,HBS1L,delins,unknown,2,0.3083,HBS1L-MYB,0
35527892,6,135017996,HBS1L,snv,unknown,2,0.150355,HBS1L-MYB,0
35571217,6,134969217,HBS1L,snv,unknown,2,0.3409631695652174,HBS1L-MYB,0
35746876,6,135017993,HBS1L,delins,unknown,2,0.31299116666666665,HBS1L-MYB,0
35805384,6,135197505,MYB;LOC105378011,delins,unknown,1,0.048910999999999996,HBS1L-MYB,0
35916433,6,135050589,HBS1L,snv,unknown,3,0.06054290909090909,HBS1L-MYB,0
35996451,6,135003569,HBS1L,delins,unknown,2,0.1907,HBS1L-MYB,0
36006349,6,135025501,HBS1L,delins,unknown,2,0.44521628571428573,HBS1L-MYB,0
41294866,6,135201211,MYB;LOC105378011,delins,unknown,2,0.3597062,HBS1L-MYB,0
41294868,6,135202648,MYB;LOC105378011,snv,unknown,2,0.15045936842105265,HBS1L-MYB,0
45544135,6,135002913,HBS1L,snv,unknown,2,0.4343251111111111,HBS1L-MYB,0
55725857,6,135052584,HBS1L,delins,unknown,1,0.26258360000000003,HBS1L-MYB,0
55799746,6,135055792,HBS1L;LOC124901405,snv,unknown,3,0.0598133,HBS1L-MYB,0
55973902,6,135056370,HBS1L;LOC124901405,snv,unknown,3,0.06941488888888889,HBS1L-MYB,0
55984937,6,135004613,HBS1L,snv,unknown,2,0.062127272727272725,HBS1L-MYB,0
56076036,6,135043233,HBS1L,snv,unknown,1,0.10040542857142858,HBS1L-MYB,0
56095299,6,135024778,HBS1L,snv,unknown,2,0.09566300000000001,HBS1L-MYB,0
56164974,6,134967578,HBS1L,snv,unknown,2,0.34500355555555556,HBS1L-MYB,0
56247805,6,135203383,MYB;LOC105378011,delins,unknown,2,0.3412,HBS1L-MYB,0
56259263,6,135196058,MYB;LOC105378011,snv,unknown,1,0.10024711538461539,HBS1L-MYB,0
56268608,6,135218817,MYB;LOC105378011,delins,unknown,6,0.010338583333333333,HBS1L-MYB,0
56272720,6,135211694,MYB;LOC105378011,snv,unknown,2,0.10234893333333334,HBS1L-MYB,0
56329496,6,135208901,MYB;LOC105378011,snv,unknown,2,0.14484863157894737,HBS1L-MYB,0
56355801,6,135216060,MYB;LOC105378011,delins,unknown,2,0.0175213,HBS1L-MYB,0
56358308,6,134985842,HBS1L,snv,unknown,2,0.34559955555555555,HBS1L-MYB,0
56727554,6,135029568,HBS1L,snv,unknown,2,0.09529628571428572,HBS1L-MYB,0
57255370,6,135022320,HBS1L,delins,unknown,2,0.14237,HBS1L-MYB,0
59131140,6,135021735,HBS1L,snv,unknown,2,0.067358,HBS1L-MYB,0
59329760,6,135021299,HBS1L,snv,unknown,2,0.4383538421052632,HBS1L-MYB,0
59792276,6,135042886,HBS1L,snv,unknown,1,0.10094114285714285,HBS1L-MYB,0
59910720,6,135048584,HBS1L,snv,unknown,1,0.10178228571428571,HBS1L-MYB,0
60633050,6,135049345,HBS1L,snv,unknown,1,0.06906409999999999,HBS1L-MYB,0
60916993,6,134988317,HBS1L,snv,unknown,2,0.07631322222222221,HBS1L-MYB,0
61238805,6,135023447,HBS1L,delins,unknown,2,0.44984,HBS1L-MYB,0
61459569,6,135038371,HBS1L,delins,unknown,1,0.41955454545454546,HBS1L-MYB,0
67400568,6,135199944,MYB;LOC105378011,snv,unknown,1,0.10605626666666666,HBS1L-MYB,0
67876204,6,135009801,HBS1L,delins,unknown,2,0.338025,HBS1L-MYB,0
71006747,6,134974651,HBS1L,delins,unknown,2,0.39061428571428575,HBS1L-MYB,0
71006750,6,135029348,HBS1L,delins,unknown,2,0.46426157142857144,HBS1L-MYB,0
71006751,6,135040345,HBS1L,delins,unknown,1,0.054766666666666665,HBS1L-MYB,0
71724938,6,135001483,HBS1L,delins,unknown,2,0.01768275,HBS1L-MYB,0
72155156,6,134997089,HBS1L,delins,unknown,2,0.1290759,HBS1L-MYB,0
72972165,6,135002641,HBS1L,snv,unknown,2,0.11209333333333334,HBS1L-MYB,0
72972197,6,135031199,HBS1L,snv,unknown,2,0.08414582352941177,HBS1L-MYB,0
72974197,6,135205101,MYB;LOC105378011,snv,unknown,2,0.10320223076923077,HBS1L-MYB,0
73549301,6,135010585,HBS1L,snv,unknown,2,0.06811833333333334,HBS1L-MYB,0
73774527,6,134985383,HBS1L,snv,unknown,3,0.043336116666666674,HBS1L-MYB,0
73774528,6,134986875,HBS1L,snv,unknown,2,0.06888730000000001,HBS1L-MYB,0
73774529,6,134988800,HBS1L,snv,unknown,2,0.07674144444444445,HBS1L-MYB,0
73774530,6,134991084,HBS1L,snv,unknown,2,0.0912245,HBS1L-MYB,0
73774532,6,135013164,HBS1L,snv,unknown,2,0.0685891,HBS1L-MYB,0
73774535,6,135018133,HBS1L,snv,unknown,2,0.057493499999999996,HBS1L-MYB,0
73774537,6,135018884,HBS1L,snv,unknown,2,0.07980087500000001,HBS1L-MYB,0
73774538,6,135020448,HBS1L,snv,unknown,2,0.068315,HBS1L-MYB,0
73774540,6,135026036,HBS1L,snv,unknown,2,0.07646877777777777,HBS1L-MYB,0
73774544,6,135035040,HBS1L,snv,unknown,2,0.08785287500000001,HBS1L-MYB,0
73774546,6,135037796,HBS1L,snv,unknown,3,0.07395370000000001,HBS1L-MYB,0
73774548,6,135040097,HBS1L,snv,unknown,1,0.06906670000000001,HBS1L-MYB,0
73774550,6,135041822,HBS1L,snv,unknown,1,0.10097428571428571,HBS1L-MYB,0
73774553,6,135045117,HBS1L,snv,unknown,1,0.1007847142857143,HBS1L-MYB,0
73774555,6,135046896,HBS1L,snv,unknown,1,0.10120057142857143,HBS1L-MYB,0
73774558,6,135047413,HBS1L,snv,unknown,1,0.10059057142857143,HBS1L-MYB,0
73774560,6,135047654,HBS1L,snv,unknown,1,0.10771433333333334,HBS1L-MYB,0
73774563,6,135052765,HBS1L,snv,unknown,1,0.10119542857142858,HBS1L-MYB,0
74435840,6,135207162,MYB;LOC105378011,snv,unknown,2,0.1474321052631579,HBS1L-MYB,0
74990111,6,135000844,HBS1L,snv,unknown,2,0.06653122222222223,HBS1L-MYB,0
75086215,6,135186236,MYB,snv,unknown,1,0.05176518181818182,HBS1L-MYB,0
75365983,6,135051897,HBS1L,snv,unknown,1,0.06460522222222222,HBS1L-MYB,0
75722702,6,135015377,HBS1L,snv,unknown,2,0.06557722222222223,HBS1L-MYB,0
75841989,6,134966099,HBS1L,snv,unknown,3,0.113205625,HBS1L-MYB,0
76028045,6,135011240,HBS1L,snv,unknown,2,0.0684891,HBS1L-MYB,0
76135348,6,135194615,MYB,snv,unknown,1,0.04957741666666667,HBS1L-MYB,0
76146891,6,135020918,HBS1L,snv,unknown,2,0.18447068421052631,HBS1L-MYB,0
76230903,6,135211751,MYB;LOC105378011,snv,unknown,2,0.05196745454545455,HBS1L-MYB,0
76241730,6,134989237,HBS1L,snv,unknown,2,0.06784055555555556,HBS1L-MYB,0
76250521,6,135188291,MYB,snv,unknown,1,0.07252688888888888,HBS1L-MYB,0
76265852,6,134984071,HBS1L,snv,unknown,2,0.060417888888888896,HBS1L-MYB,0
76344333,6,134981118,HBS1L;MIR3662,snv,unknown,4,0.09163411764705882,HBS1L-MYB,0
76407617,6,135051276,HBS1L,snv,unknown,1,0.11221384615384615,HBS1L-MYB,0
76606753,6,135200051,MYB;LOC105378011,snv,unknown,1,0.04123566666666667,HBS1L-MYB,0
76625023,6,135016517,HBS1L,snv,unknown,2,0.06437588235294117,HBS1L-MYB,0
76757780,6,135021533,HBS1L,snv,unknown,2,0.085697,HBS1L-MYB,0
76917868,6,134972004,HBS1L,snv,unknown,2,0.19229731578947368,HBS1L-MYB,0
76921182,6,135006188,HBS1L,snv,unknown,2,0.07183066666666667,HBS1L-MYB,0
77014071,6,135181728,MYB,snv,unknown,3,0.057206599999999996,HBS1L-MYB,0
77048658,6,134975352,HBS1L,snv,unknown,2,0.07847722222222223,HBS1L-MYB,0
77246737,6,135017611,HBS1L,snv,unknown,2,0.06602454545454546,HBS1L-MYB,0
77386997,6,135207682,MYB;LOC105378011,snv,unknown,2,0.059702285714285715,HBS1L-MYB,0
77606137,6,135016356,HBS1L,snv,unknown,2,0.05731328571428571,HBS1L-MYB,0
77777534,6,135194702,MYB,snv,unknown,1,0.05274327272727273,HBS1L-MYB,0
77862865,6,134995217,HBS1L,snv,unknown,2,0.06652344444444444,HBS1L-MYB,0
77867332,6,135052571,HBS1L,snv,unknown,1,0.07878833333333334,HBS1L-MYB,0
78074109,6,135002915,HBS1L,delins,unknown,2,0.4549056923076923,HBS1L-MYB,0
78298516,6,135007432,HBS1L,snv,unknown,2,0.0598809,HBS1L-MYB,0
78644069,6,135007939,HBS1L,snv,unknown,2,0.053343499999999995,HBS1L-MYB,0
78763832,6,135045732,HBS1L,snv,unknown,1,0.10176885714285713,HBS1L-MYB,0
78935437,6,135038378,HBS1L,snv,unknown,1,0.20365,HBS1L-MYB,0
79019330,6,135185566,MYB,snv,unknown,1,0.09158416666666667,HBS1L-MYB,0
79216502,6,135050887,HBS1L,snv,unknown,1,0.08905475,HBS1L-MYB,0
79366997,6,135027288,HBS1L,snv,unknown,2,0.06016010000000001,HBS1L-MYB,0
79564755,6,135191641,MYB,snv,unknown,1,0.07156418181818182,HBS1L-MYB,0
79577353,6,135001484,HBS1L,snv,unknown,2,0.069715625,HBS1L-MYB,0
79590726,6,135189381,MYB,snv,unknown,1,0.07270066666666666,HBS1L-MYB,0
79784564,6,135043638,HBS1L,snv,unknown,1,0.0647768888888889,HBS1L-MYB,0
79876943,6,134975328,HBS1L,snv,unknown,2,0.06661811111111111,HBS1L-MYB,0
79980945,6,135014590,HBS1L,snv,unknown,2,0.07834785714285715,HBS1L-MYB,0
80158359,6,135048554,HBS1L,snv,unknown,1,0.19526510526315788,HBS1L-MYB,0
80257773,6,135045757,HBS1L,snv,unknown,1,0.09779171428571429,HBS1L-MYB,0
111530472,6,135027949,HBS1L,snv,unknown,2,0.10113557142857144,HBS1L-MYB,0
111583606,6,135042745,HBS1L,snv,unknown,1,0.088299,HBS1L-MYB,0
111852778,6,135186066,MYB,snv,unknown,1,0.06020960000000001,HBS1L-MYB,0
112197501,6,135035550,HBS1L,snv,unknown,3,0.10049,HBS1L-MYB,0
112476323,6,135015674,HBS1L,snv,unknown,2,0.089029625,HBS1L-MYB,0
112627565,6,134973896,HBS1L,snv,unknown,2,0.08083323076923077,HBS1L-MYB,0
114071504,6,135205899,MYB;LOC105378011,snv,unknown,2,0.07322175,HBS1L-MYB,0
114671851,6,135187993,MYB,snv,unknown,1,0.04958941666666667,HBS1L-MYB,0
115016563,6,135198081,MYB;LOC105378011,snv,unknown,1,0.053794909090909095,HBS1L-MYB,0
115025973,6,135011427,HBS1L,snv,unknown,2,0.07101955555555556,HBS1L-MYB,0
115123439,6,135041430,HBS1L,snv,unknown,1,0.0856287142857143,HBS1L-MYB,0
115267761,6,135030236,HBS1L,snv,unknown,2,0.08502471428571427,HBS1L-MYB,0
115281620,6,135192917,MYB,snv,unknown,1,0.04968133333333333,HBS1L-MYB,0
115385293,6,135214594,MYB;LOC105378011,snv,unknown,2,0.06434488888888888,HBS1L-MYB,0
115446407,6,134990343,HBS1L,snv,unknown,2,0.05566171428571428,HBS1L-MYB,0
115458424,6,135037935,HBS1L,snv,unknown,3,0.07394375,HBS1L-MYB,0
115534326,6,135046582,HBS1L,snv,unknown,1,0.062232333333333334,HBS1L-MYB,0
115678149,6,135182625,MYB,snv,unknown,3,0.09221666666666667,HBS1L-MYB,0
115800056,6,134976808,HBS1L,snv,unknown,2,0.01005525,HBS1L-MYB,0
115903709,6,135031731,HBS1L,snv,unknown,2,0.06258755555555556,HBS1L-MYB,0
116090954,6,135204522,MYB;LOC105378011,snv,unknown,2,0.07078981818181818,HBS1L-MYB,0
116244479,6,135049852,HBS1L,snv,unknown,1,0.06950244444444445,HBS1L-MYB,0
116273677,6,135017997,HBS1L,snv,unknown,2,0.43390825,HBS1L-MYB,0
116294454,6,135037260,HBS1L,snv,unknown,4,0.051051275,HBS1L-MYB,0
116303346,6,134973547,HBS1L,snv,unknown,2,0.06670177777777779,HBS1L-MYB,0
116395487,6,134990359,HBS1L,snv,unknown,2,0.05613,HBS1L-MYB,0
116595867,6,135026758,HBS1L,snv,unknown,2,0.06667066666666667,HBS1L-MYB,0
116752298,6,135196484,MYB;LOC105378011,snv,unknown,1,0.06375088888888888,HBS1L-MYB,0
117206061,6,135011428,HBS1L,snv,unknown,2,0.05587386666666667,HBS1L-MYB,0
117540901,6,135201502,MYB;LOC105378011,snv,unknown,2,0.047908533333333336,HBS1L-MYB,0
117966977,6,135037766,HBS1L,snv,unknown,3,0.0847054375,HBS1L-MYB,0
118023853,6,134973269,HBS1L,snv,unknown,2,0.06357745454545455,HBS1L-MYB,0
118165421,6,135050692,HBS1L,snv,unknown,1,0.054151015384615385,HBS1L-MYB,0
138135764,6,135003779,HBS1L,snv,unknown,2,0.0666948888888889,HBS1L-MYB,0
138178348,6,134991097,HBS1L,delins,unknown,2,0.0476497,HBS1L-MYB,0
138401834,6,135016047,HBS1L,snv,unknown,2,0.05718454545454546,HBS1L-MYB,0
138684480,6,135189006,MYB,snv,unknown,1,0.06746675,HBS1L-MYB,0
138725183,6,135184617,MYB,snv,unknown,1,0.06214900000000001,HBS1L-MYB,0
138726773,6,135034405,HBS1L,snv,unknown,2,0.066627,HBS1L-MYB,0
139146517,6,135202922,MYB;LOC105378011,del,unknown,2,0.008568142857142858,HBS1L-MYB,0
140049958,6,135007709,HBS1L,snv,unknown,2,0.0454477,HBS1L-MYB,0
140824528,6,135012157,HBS1L,snv,unknown,2,0.04910675,HBS1L-MYB,0
142257245,6,135051557,HBS1L,delins,unknown,1,0.008440333333333333,HBS1L-MYB,0
142511791,6,135003922,HBS1L,snv,unknown,2,0.0614118888888889,HBS1L-MYB,0
142548937,6,134968370,HBS1L,snv,unknown,2,0.07994571428571429,HBS1L-MYB,0
142776953,6,135034410,HBS1L,snv,unknown,2,0.06951844444444445,HBS1L-MYB,0
143248300,6,134975121,HBS1L,snv,unknown,2,0.066818,HBS1L-MYB,0
143286444,6,135023842,HBS1L,delins,unknown,2,0.028303125000000002,HBS1L-MYB,0
143622758,6,135015613,HBS1L,snv,unknown,2,0.055214,HBS1L-MYB,0
143721632,6,135049032,HBS1L,delins,unknown,1,0.02791509090909091,HBS1L-MYB,0
143925657,6,135007182,HBS1L,delins,unknown,2,0.0225243,HBS1L-MYB,0
144097544,6,135046932,HBS1L,delins,unknown,1,0.011311142857142856,HBS1L-MYB,0
144258459,6,135042762,HBS1L,snv,unknown,1,0.086661375,HBS1L-MYB,0
144506765,6,135014181,HBS1L,delins,unknown,2,0.011019142857142858,HBS1L-MYB,0
144560319,6,135023286,HBS1L,snv,unknown,2,0.0689468,HBS1L-MYB,0
145125135,6,135207978,MYB;LOC105378011,snv,unknown,2,0.16610784210526316,HBS1L-MYB,0
145523163,6,135003763,HBS1L,snv,unknown,2,0.07090755555555556,HBS1L-MYB,0
145588456,6,134983462,HBS1L,delins,unknown,2,0.02452014285714286,HBS1L-MYB,0
146280166,6,135028866,HBS1L,delins,unknown,2,0.00972925,HBS1L-MYB,0
147138052,6,135027116,HBS1L,snv,unknown,2,0.059080933333333335,HBS1L-MYB,0
147856847,6,134986221,HBS1L,delins,unknown,2,0.0419056875,HBS1L-MYB,0
147989910,6,135034419,HBS1L,snv,unknown,2,0.05219991666666667,HBS1L-MYB,0
148666729,6,135205875,MYB;LOC105378011,snv,unknown,2,0.07080972727272727,HBS1L-MYB,0
149113606,6,135041315,HBS1L,delins,unknown,1,0.00638275,HBS1L-MYB,0
149831265,6,135023543,HBS1L,delins,unknown,2,0.12271371428571429,HBS1L-MYB,0
150875429,6,135014773,HBS1L,snv,unknown,2,0.05618028571428572,HBS1L-MYB,0
183710939,6,135015779,HBS1L,snv,unknown,2,0.056107375,HBS1L-MYB,0
183747919,6,135181703,MYB,snv,unknown,3,0.08371157142857144,HBS1L-MYB,0
190536695,6,135009783,HBS1L,snv,unknown,2,0.08053228571428572,HBS1L-MYB,0
191688268,6,135035556,HBS1L,snv,unknown,3,0.068356875,HBS1L-MYB,0
200898299,6,135042825,HBS1L,delins,unknown,1,0.40106225,HBS1L-MYB,0
367973294,6,135000444,HBS1L,delins,unknown,2,0.00931325,HBS1L-MYB,0
370931237,6,134991083,HBS1L,delins,unknown,2,0.03149775,HBS1L-MYB,0
377077621,6,135000654,HBS1L,snv,unknown,2,0.008031428571428571,HBS1L-MYB,0
533054622,6,135181606,MYB,snv,unknown,3,0.06256125,HBS1L-MYB,0
545704827,6,135212225,MYB;LOC105378011,delins,unknown,2,0.2348,HBS1L-MYB,0
567088347,6,135208547,MYB;LOC105378011,delins,unknown,2,0.35115,HBS1L-MYB,0
576542434,6,134979847,HBS1L;MIR3662,snv,unknown,4,0.06080055555555556,HBS1L-MYB,0
937325193,6,135001478,HBS1L,delins,unknown,2,0.07657566666666667,HBS1L-MYB,0
1554247710,6,135184086,MYB,delins,unknown,1,0.016,HBS1L-MYB,0
13208464,6,134971117,HBS1L,snv,unknown,2,0.08721338461538462,HBS1L-MYB,0
7569946,2,60460824,BCL11A,snv,benign,4,0.26533327083333336,BCL11A,1
11886868,2,60493111,BCL11A,snv,likely-pathogenic;benign,1,0.27082495833333337,BCL11A,1
76673,2,60521943,BCL11A,snv,unknown,1,0.27913475,BCL11A,1
76674,2,60521974,BCL11A,snv,unknown,1,0.2727300952380952,BCL11A,1
168562,2,60520057,BCL11A,snv,unknown,1,0.28341515,BCL11A,1
168565,2,60517196,BCL11A,snv,unknown,1,0.2853529,BCL11A,1
356976,2,60521810,BCL11A,snv,unknown,1,0.25302375,BCL11A,1
356977,2,60521623,BCL11A,snv,unknown,1,0.27887647368421054,BCL11A,1
356979,2,60520608,BCL11A,snv,unknown,1,0.2762575,BCL11A,1
356991,2,60517737,BCL11A,snv,unknown,1,0.27645385,BCL11A,1
356992,2,60526458,BCL11A,snv,unknown,1,0.2703325,BCL11A,1
356993,2,60523425,BCL11A,snv,unknown,1,0.25567833333333334,BCL11A,1
733628,2,60475631,BCL11A,snv,unknown,1,0.10578377272727274,BCL11A,1
766432,2,60492835,BCL11A,snv,unknown,1,0.18813619047619048,BCL11A,1
971563,2,60547638,BCL11A,snv,unknown,3,0.20218870833333333,BCL11A,1
1123573,2,60480453,BCL11A,snv,unknown,1,0.28221167999999996,BCL11A,1
1427407,2,60490908,BCL11A,snv,unknown,1,0.1843011739130435,BCL11A,1
1427408,2,60547510,BCL11A,snv,unknown,3,0.10303157142857143,BCL11A,1
1469358,2,60515290,BCL11A,snv,unknown,1,0.31812505,BCL11A,1
1510481,2,60516540,BCL11A,snv,unknown,1,0.29508225,BCL11A,1
1896293,2,60491713,BCL11A,snv,unknown,1,0.24070852941176468,BCL11A,1
1896294,2,60491939,BCL11A,snv,unknown,1,0.2699710434782609,BCL11A,1
1896295,2,60496951,BCL11A,snv,unknown,1,0.18014213333333334,BCL11A,1
1896296,2,60496952,BCL11A,snv,unknown,1,0.169483625,BCL11A,1
1896297,2,60511092,BCL11A,snv,unknown,1,0.3223534090909091,BCL11A,1
2022098,2,60470329,BCL11A,snv,unknown,1,0.1967905882352941,BCL11A,1
2457660,2,60530284,BCL11A,snv,unknown,1,0.3214263333333333,BCL11A,1
2556373,2,60529345,BCL11A,snv,unknown,1,0.0596435,BCL11A,1
2556375,2,60532612,BCL11A,snv,unknown,3,0.18213088235294117,BCL11A,1
2556376,2,60532897,BCL11A,snv,unknown,3,0.18656615000000001,BCL11A,1
2556377,2,60533502,BCL11A,snv,unknown,3,0.1990329523809524,BCL11A,1
2556378,2,60535367,BCL11A,snv,unknown,2,0.20281625,BCL11A,1
2665668,2,60541843,BCL11A,snv,unknown,2,0.33282056521739134,BCL11A,1
3771270,2,60542320,BCL11A,snv,unknown,2,0.20779355000000002,BCL11A,1
4671393,2,60493816,BCL11A,snv,unknown,1,0.1661425,BCL11A,1
4672393,2,60470519,BCL11A,snv,unknown,1,0.23502994736842106,BCL11A,1
4672394,2,60471326,BCL11A,snv,unknown,1,0.26076919047619046,BCL11A,1
5831583,2,60463923,BCL11A,delins,unknown,1,0.334425,BCL11A,1
5831586,2,60541230,BCL11A,delins,unknown,2,0.34272992307692307,BCL11A,1
6545816,2,60487726,BCL11A,snv,unknown,1,0.38659827272727276,BCL11A,1
6545817,2,60488044,BCL11A,snv,unknown,1,0.3964495238095238,BCL11A,1
6545818,2,60511851,BCL11A,snv,unknown,1,0.30153284210526315,BCL11A,1
6545819,2,60511926,BCL11A,snv,unknown,1,0.32287773684210525,BCL11A,1
6545820,2,60515437,BCL11A,snv,unknown,1,0.29541490000000004,BCL11A,1
6706648,2,60494905,BCL11A,snv,unknown,1,0.24467054545454545,BCL11A,1
6709302,2,60500494,BCL11A,snv,unknown,1,0.2550200952380952,BCL11A,1
6724431,2,60509702,BCL11A,snv,unknown,1,0.30535087499999997,BCL11A,1
6729815,2,60496537,BCL11A,snv,unknown,1,0.38887817391304347,BCL11A,1
6731647,2,60477604,BCL11A,snv,unknown,1,0.32778016666666665,BCL11A,1
6732518,2,60481462,BCL11A,snv,unknown,1,0.274122,BCL11A,1
6738440,2,60495106,BCL11A,snv,unknown,1,0.2148118181818182,BCL11A,1
6739994,2,60543319,BCL11A,snv,unknown,2,0.2019804761904762,BCL11A,1
6740172,2,60513188,BCL11A,snv,unknown,1,0.31664914285714285,BCL11A,1
6740203,2,60513356,BCL11A,snv,unknown,1,0.26373816666666666,BCL11A,1
6747099,2,60550363,BCL11A,snv,unknown,3,0.3186925789473684,BCL11A,1
6747156,2,60520528,BCL11A,snv,unknown,1,0.28989805,BCL11A,1
6747163,2,60550628,BCL11A,snv,unknown,3,0.17233566666666666,BCL11A,1
7340264,2,60509394,BCL11A,snv,unknown,1,0.10371699999999999,BCL11A,1
7340410,2,60511532,BCL11A,snv,unknown,1,0.3059757368421053,BCL11A,1
7557939,2,60494212,BCL11A,snv,unknown,1,0.2669203333333333,BCL11A,1
7560588,2,60500281,BCL11A,snv,unknown,1,0.20605047368421053,BCL11A,1
7565301,2,60496131,BCL11A,snv,unknown,1,0.2368227894736842,BCL11A,1
7570641,2,60478097,BCL11A,snv,unknown,1,0.22223325,BCL11A,1
7576657,2,60552343,BCL11A,snv,unknown,3,0.302926875,BCL11A,1
7577014,2,60552705,BCL11A,snv,unknown,4,0.30156215789473684,BCL11A,1
7579014,2,60480759,BCL11A,snv,unknown,1,0.2865970909090909,BCL11A,1
7581162,2,60477349,BCL11A,snv,unknown,1,0.3659109,BCL11A,1
7584113,2,60494176,BCL11A,snv,unknown,1,0.2748169090909091,BCL11A,1
7593408,2,60544449,BCL11A,snv,unknown,2,0.08487957142857143,BCL11A,1
7599488,2,60491212,BCL11A,snv,unknown,1,0.36669019999999997,BCL11A,1
7606173,2,60498316,BCL11A,snv,unknown,1,0.2946719523809524,BCL11A,1
9789627,2,60462613,BCL11A,snv,unknown,1,0.3003985,BCL11A,1
10172646,2,60493622,BCL11A,snv,unknown,1,0.27248100000000003,BCL11A,1
10184550,2,60502159,BCL11A,snv,unknown,1,0.3710752857142857,BCL11A,1
10189857,2,60486100,BCL11A,snv,unknown,1,0.37736185714285714,BCL11A,1
10195871,2,60493454,BCL11A,snv,unknown,1,0.2599125909090909,BCL11A,1
10427250,2,60537806,BCL11A,snv,unknown,2,0.09163574999999999,BCL11A,1
10699821,2,60530333,BCL11A,delins,unknown,1,0.1723,BCL11A,1
11361253,2,60524561,BCL11A,del,unknown,1,0.25905133333333336,BCL11A,1
11437234,2,60514874,BCL11A,delins,unknown,1,0.1308665,BCL11A,1
11675774,2,60513389,BCL11A,snv,unknown,1,0.1399156,BCL11A,1
11677366,2,60484324,BCL11A,snv,unknown,1,0.06718361111111111,BCL11A,1
11692396,2,60483603,BCL11A,snv,unknown,1,0.2660474285714286,BCL11A,1
12105383,2,60510025,BCL11A,snv,unknown,1,0.30031766666666665,BCL11A,1
12105711,2,60509850,BCL11A,snv,unknown,1,0.2925953157894737,BCL11A,1
12469024,2,60471152,BCL11A,snv,unknown,1,0.1835949523809524,BCL11A,1
12477097,2,60471262,BCL11A,snv,unknown,1,0.26256595454545456,BCL11A,1
12477846,2,60456760,BCL11A,snv,unknown,3,0.19868411764705882,BCL11A,1
12621957,2,60455312,BCL11A,snv,unknown,2,0.20152450000000002,BCL11A,1
12623979,2,60485449,BCL11A,snv,unknown,1,0.12337352941176472,BCL11A,1
12992182,2,60479903,BCL11A,snv,unknown,1,0.18945483333333335,BCL11A,1
12997966,2,60480047,BCL11A,snv,unknown,1,0.1871198823529412,BCL11A,1
13018474,2,60542945,BCL11A,snv,unknown,2,0.13090657894736843,BCL11A,1
13019832,2,60483436,BCL11A,snv,unknown,1,0.2893556666666667,BCL11A,1
13024177,2,60489173,BCL11A,snv,unknown,1,0.1928075789473684,BCL11A,1
13031396,2,60490264,BCL11A,snv,unknown,1,0.1712491818181818,BCL11A,1
13397229,2,60500785,BCL11A,snv,unknown,1,0.06222211111111112,BCL11A,1
13404194,2,60472522,BCL11A,snv,unknown,1,0.09145683333333333,BCL11A,1
17028290,2,60456238,BCL11A,snv,unknown,2,0.18843915789473686,BCL11A,1
17331129,2,60452807,BCL11A,snv,unknown,2,0.17968096153846155,BCL11A,1
17535596,2,60541647,BCL11A,snv,unknown,2,0.0574696,BCL11A,1
28366455,2,60518261,BCL11A,snv,unknown,1,0.3007589523809524,BCL11A,1
34605417,2,60523652,BCL11A,delins,unknown,1,0.0763775,BCL11A,1
34737760,2,60478473,BCL11A,snv,unknown,1,0.19692455555555555,BCL11A,1
34928194,2,60474756,BCL11A,snv,unknown,1,0.07591417647058823,BCL11A,1
35125709,2,60473139,BCL11A,snv,unknown,1,0.08519413333333334,BCL11A,1
35507444,2,60454619,BCL11A,snv,unknown,2,0.18562494444444444,BCL11A,1
35894657,2,60526820,BCL11A,snv,unknown,1,0.08336953333333333,BCL11A,1
35908689,2,60480806,BCL11A,snv,unknown,1,0.1856925294117647,BCL11A,1
36105824,2,60457671,BCL11A,delins,unknown,2,0.18584,BCL11A,1
45439602,2,60491586,BCL11A,snv,unknown,1,0.0938550625,BCL11A,1
45474996,2,60496770,BCL11A,snv,unknown,1,0.11231088235294118,BCL11A,1
45481193,2,60511224,BCL11A,snv,unknown,1,0.13812914285714287,BCL11A,1
45488794,2,60510842,BCL11A,snv,unknown,1,0.137687,BCL11A,1
45491193,2,60511177,BCL11A,snv,unknown,1,0.13827114285714284,BCL11A,1
45500794,2,60500712,BCL11A,snv,unknown,1,0.10484613333333333,BCL11A,1
45510399,2,60537199,BCL11A,snv,unknown,2,0.08181963157894737,BCL11A,1
45527235,2,60481954,BCL11A,snv,unknown,1,0.11385541176470587,BCL11A,1
45556843,2,60503277,BCL11A,snv,unknown,1,0.07593883333333334,BCL11A,1
45562141,2,60501436,BCL11A,snv,unknown,1,0.1147506875,BCL11A,1
45564436,2,60481267,BCL11A,snv,unknown,1,0.10371747368421053,BCL11A,1
45564931,2,60510450,BCL11A,snv,unknown,1,0.137381,BCL11A,1
45565333,2,60544594,BCL11A,snv,unknown,2,0.1079306875,BCL11A,1
45570331,2,60508036,BCL11A,snv,unknown,1,0.08721076923076923,BCL11A,1
45595933,2,60528628,BCL11A,snv,unknown,1,0.1688538125,BCL11A,1
45596438,2,60503487,BCL11A,snv,unknown,1,0.09639392307692307,BCL11A,1
45611940,2,60504204,BCL11A,snv,unknown,1,0.1471519375,BCL11A,1
45622439,2,60514385,BCL11A,snv,unknown,1,0.24924011764705883,BCL11A,1
45627332,2,60510350,BCL11A,snv,unknown,1,0.136513,BCL11A,1
55990324,2,60477608,BCL11A,snv,unknown,1,0.12568707142857144,BCL11A,1
56089361,2,60505010,BCL11A,snv,unknown,1,0.08947984615384616,BCL11A,1
57024823,2,60481756,BCL11A,snv,unknown,1,0.0702534,BCL11A,1
57186683,2,60505555,BCL11A,snv,unknown,1,0.07280577777777779,BCL11A,1
58469620,2,60474200,BCL11A,snv,unknown,1,0.181341,BCL11A,1
58584585,2,60539366,BCL11A,snv,unknown,2,0.10783400000000001,BCL11A,1
58642035,2,60529995,BCL11A,snv,unknown,1,0.07889066666666666,BCL11A,1
58789059,2,60509717,BCL11A,snv,unknown,1,0.053924571428571426,BCL11A,1
58972358,2,60514496,BCL11A,delins,unknown,1,0.1751,BCL11A,1
59050346,2,60522492,BCL11A,delins,unknown,1,0.009588,BCL11A,1
61749494,2,60462306,BCL11A,snv,unknown,3,0.08149874736842105,BCL11A,1
62142615,2,60494985,BCL11A,snv,unknown,1,0.10179326666666667,BCL11A,1
62142644,2,60495974,BCL11A,snv,unknown,1,0.12018142857142858,BCL11A,1
62142646,2,60499292,BCL11A,snv,unknown,1,0.23421972222222223,BCL11A,1
66488669,2,60507448,BCL11A,snv,unknown,1,0.12280615384615384,BCL11A,1
67861577,2,60546553,BCL11A,delins,unknown,3,0.32801725,BCL11A,1
70953653,2,60476591,BCL11A,snv,unknown,1,0.10794705263157893,BCL11A,1
70953654,2,60466187,BCL11A,delins,unknown,1,0.07173223076923077,BCL11A,1
70953657,2,60454052,BCL11A,snv,unknown,2,0.12500476470588234,BCL11A,1
71526482,2,60531169,BCL11A,snv,unknown,1,0.07199716666666667,BCL11A,1
71526490,2,60489836,BCL11A,snv,unknown,1,0.07711428571428572,BCL11A,1
71526493,2,60454440,BCL11A,snv,unknown,2,0.1295525,BCL11A,1
72962585,2,60502567,BCL11A,snv,unknown,1,0.0505566875,BCL11A,1
72962586,2,60504631,BCL11A,snv,unknown,1,0.055954166666666666,BCL11A,1
72962592,2,60510666,BCL11A,snv,unknown,1,0.0471905,BCL11A,1
72962596,2,60515110,BCL11A,snv,unknown,1,0.06152345454545454,BCL11A,1
72962602,2,60516470,BCL11A,snv,unknown,2,0.0721373,BCL11A,1
72964414,2,60523168,BCL11A,snv,unknown,1,0.05863572727272728,BCL11A,1
72964419,2,60528663,BCL11A,snv,unknown,1,0.0663280909090909,BCL11A,1
72964424,2,60529369,BCL11A,snv,unknown,1,0.06553027272727273,BCL11A,1
72964428,2,60529620,BCL11A,snv,unknown,1,0.080224875,BCL11A,1
72964430,2,60530667,BCL11A,snv,unknown,1,0.07934585714285713,BCL11A,1
72964440,2,60534424,BCL11A,snv,unknown,3,0.07049685714285714,BCL11A,1
72964457,2,60550081,BCL11A,snv,unknown,3,0.07842922222222222,BCL11A,1
73932586,2,60457486,BCL11A,snv,unknown,2,0.04738966666666666,BCL11A,1
73932591,2,60513825,BCL11A,snv,unknown,1,0.09144433333333334,BCL11A,1
73932593,2,60526644,BCL11A,snv,unknown,1,0.09079300000000001,BCL11A,1
73932594,2,60531624,BCL11A,snv,unknown,1,0.08227928571428571,BCL11A,1
73932597,2,60534920,BCL11A,snv,unknown,2,0.08276742857142858,BCL11A,1
73932598,2,60536032,BCL11A,snv,unknown,2,0.097557,BCL11A,1
73932599,2,60536034,BCL11A,snv,unknown,2,0.11643025,BCL11A,1
74543787,2,60507649,BCL11A,snv,unknown,1,0.0726561111111111,BCL11A,1
74644352,2,60493634,BCL11A,snv,unknown,1,0.110978,BCL11A,1
74743473,2,60482170,BCL11A,snv,unknown,1,0.008195000000000001,BCL11A,1
74958177,2,60490641,BCL11A,snv,unknown,1,0.08817157142857143,BCL11A,1
75024544,2,60504228,BCL11A,snv,unknown,1,0.08145014285714285,BCL11A,1
75468792,2,60501021,BCL11A,snv,unknown,1,0.07165244444444445,BCL11A,1
76944200,2,60504259,BCL11A,snv,unknown,1,0.06918350000000001,BCL11A,1
77330833,2,60495836,BCL11A,snv,unknown,1,0.08609271428571429,BCL11A,1
77374908,2,60496038,BCL11A,snv,unknown,1,0.09569749999999999,BCL11A,1
77406335,2,60469393,BCL11A,snv,unknown,1,0.080681,BCL11A,1
77434017,2,60522386,BCL11A,snv,unknown,1,0.08515671428571428,BCL11A,1
77662111,2,60510266,BCL11A,snv,unknown,1,0.0677394,BCL11A,1
77731896,2,60521477,BCL11A,snv,unknown,1,0.06235678571428571,BCL11A,1
77890283,2,60487830,BCL11A,snv,unknown,1,0.09021521428571429,BCL11A,1
78084010,2,60478975,BCL11A,snv,unknown,1,0.05684199999999999,BCL11A,1
78626586,2,60501014,BCL11A,snv,unknown,1,0.04506450000000001,BCL11A,1
78670728,2,60543852,BCL11A,snv,unknown,2,0.0663738888888889,BCL11A,1
78919997,2,60515354,BCL11A,snv,unknown,1,0.06714,BCL11A,1
79059225,2,60528627,BCL11A,snv,unknown,1,0.06432927272727272,BCL11A,1
79204585,2,60505296,BCL11A,snv,unknown,1,0.05958125,BCL11A,1
79680345,2,60504643,BCL11A,snv,unknown,1,0.07735428571428571,BCL11A,1
79864466,2,60505181,BCL11A,snv,unknown,1,0.08145085714285714,BCL11A,1
79945505,2,60548306,BCL11A,snv,unknown,2,0.10014238888888888,BCL11A,1
111713027,2,60488918,BCL11A,snv,unknown,1,0.10511,BCL11A,1
112727722,2,60502038,BCL11A,snv,unknown,1,0.0653258,BCL11A,1
113656311,2,60506709,BCL11A,snv,unknown,1,0.06964537500000001,BCL11A,1
113673753,2,60509969,BCL11A,snv,unknown,1,0.06303500000000001,BCL11A,1
114012663,2,60455810,BCL11A,snv,unknown,2,0.0089174,BCL11A,1
114185431,2,60507833,BCL11A,snv,unknown,1,0.08148957142857143,BCL11A,1
114566772,2,60545844,BCL11A,snv,unknown,2,0.0568219,BCL11A,1
114615813,2,60509357,BCL11A,snv,unknown,1,0.09402366666666667,BCL11A,1
114655013,2,60503987,BCL11A,snv,unknown,1,0.08098571428571429,BCL11A,1
114763960,2,60453863,BCL11A,snv,unknown,2,0.08384814285714284,BCL11A,1
114864373,2,60552892,BCL11A,snv,unknown,3,0.06601333333333333,BCL11A,1
114868408,2,60505081,BCL11A,snv,unknown,1,0.09186666666666667,BCL11A,1
114895081,2,60496496,BCL11A,snv,unknown,1,0.0101725,BCL11A,1
115397838,2,60510179,BCL11A,snv,unknown,1,0.06314911111111111,BCL11A,1
115418712,2,60504547,BCL11A,snv,unknown,1,0.08144185714285714,BCL11A,1
115445893,2,60473051,BCL11A,snv,unknown,1,0.13871250000000002,BCL11A,1
115656491,2,60504964,BCL11A,snv,unknown,1,0.0565414,BCL11A,1
115735551,2,60539569,BCL11A,snv,unknown,2,0.058347,BCL11A,1
115917401,2,60521352,BCL11A,snv,unknown,1,0.06671125,BCL11A,1
116132158,2,60537909,BCL11A,snv,unknown,2,0.0567574,BCL11A,1
116155062,2,60528295,BCL11A,snv,unknown,1,0.08437766666666667,BCL11A,1
116260340,2,60473050,BCL11A,snv,unknown,1,0.08596440000000001,BCL11A,1
116440337,2,60543760,BCL11A,snv,unknown,2,0.08121657142857143,BCL11A,1
116579637,2,60519076,BCL11A,snv,unknown,1,0.07007200000000001,BCL11A,1
116809975,2,60505073,BCL11A,snv,unknown,1,0.08144228571428572,BCL11A,1
137866865,2,60523898,BCL11A,snv,unknown,1,0.06531244444444445,BCL11A,1
139422069,2,60524016,BCL11A,del,unknown,1,0.008801,BCL11A,1
142643007,2,60506108,BCL11A,delins,unknown,1,0.012181,BCL11A,1
146402255,2,60466779,BCL11A,delins,unknown,1,0.01495,BCL11A,1
146481566,2,60528809,BCL11A,delins,unknown,1,0.022242625000000002,BCL11A,1
149237149,2,60507213,BCL11A,delins,unknown,1,0.0848575,BCL11A,1
149262863,2,60500858,BCL11A,snv,unknown,1,0.059233,BCL11A,1
150918139,2,60543518,BCL11A,snv,unknown,2,0.06167111111111111,BCL11A,1
181008819,2,60528078,BCL11A,snv,unknown,1,0.06202566666666667,BCL11A,1
181024387,2,60548305,BCL11A,snv,unknown,2,0.044797166666666666,BCL11A,1
187745290,2,60552351,BCL11A,snv,unknown,3,0.05621616666666667,BCL11A,1
189749882,2,60473005,BCL11A,snv,unknown,1,0.044397500000000006,BCL11A,1
369843445,2,60522306,BCL11A,snv,unknown,1,0.0473719,BCL11A,1
370526639,2,60534351,BCL11A,snv,unknown,3,0.054257,BCL11A,1
372477611,2,60521105,BCL11A,delins,unknown,1,0.16892375,BCL11A,1
536467199,2,60467414,BCL11A,snv,unknown,1,0.15613333333333335,BCL11A,1
539947600,2,60507227,BCL11A,delins,unknown,1,0.128395,BCL11A,1
542617506,2,60538720,BCL11A,delins,unknown,2,0.20135666666666666,BCL11A,1
558957973,2,60468035,BCL11A,snv,unknown,1,0.33748333333333336,BCL11A,1
562790614,2,60507381,BCL11A,del,unknown,1,0.01814,BCL11A,1
569077656,2,60467413,BCL11A,snv,unknown,1,0.276076,BCL11A,1
573319780,2,60467723,BCL11A,snv,unknown,1,0.105593,BCL11A,1
577095833,2,60507375,BCL11A,delins,unknown,1,0.034716666666666667,BCL11A,1
2072596,19,12885686,KLF1,snv,benign,2,0.062456,KLF1,1
2072597,19,12885926,KLF1,snv,benign,2,0.34115945000000003,KLF1,1
112631212,19,12886115,KLF1,snv,benign,2,0.03823700666666666,KLF1,1
117351327,19,12885905,KLF1,snv,benign,2,0.06757864166666668,KLF1,1
10407416,19,12886919,KLF1,snv,unknown,1,0.0634278888888889,KLF1,1
113487247,19,12886311,KLF1,delins,unknown,1,0.007965,KLF1,1
2071747,22,35381192,HMOX1,snv,benign,2,0.09747909523809523,HMOX1,1
17879606,22,35386666,HMOX1,snv,benign,1,0.08671809473684211,HMOX1,1
17885925,22,35383230,HMOX1,snv,benign,1,0.093156875,HMOX1,1
2003038,22,35392916,HMOX1,snv,unknown,1,0.3493111666666666,HMOX1,1
2071748,22,35381625,HMOX1,snv,unknown,1,0.42951704,HMOX1,1
2071749,22,35387420,HMOX1,snv,unknown,1,0.34245268,HMOX1,1
2269533,22,35390189,HMOX1,snv,unknown,1,0.4385992857142857,HMOX1,1
2269534,22,35390233,HMOX1,snv,unknown,1,0.3510118235294118,HMOX1,1
2285112,22,35393270,HMOX1,snv,unknown,1,0.4229006363636364,HMOX1,1
2413346,22,35391337,HMOX1,snv,unknown,1,0.10878373333333333,HMOX1,1
3216831,22,35389675,HMOX1,ins,unknown,1,0.4136180666666667,HMOX1,1
4820192,22,35381991,HMOX1,snv,unknown,1,0.3326353157894737,HMOX1,1
5750103,22,35389215,HMOX1,snv,unknown,1,0.299662,HMOX1,1
5750104,22,35389430,HMOX1,snv,unknown,1,0.30084900000000003,HMOX1,1
5755717,22,35390720,HMOX1,snv,unknown,1,0.34656629411764706,HMOX1,1
5755718,22,35390729,HMOX1,snv,unknown,1,0.42326394444444443,HMOX1,1
5755719,22,35390748,HMOX1,snv,unknown,1,0.3569663888888889,HMOX1,1
5755720,22,35390880,HMOX1,snv,unknown,1,0.34553090476190473,HMOX1,1
5995097,22,35382968,HMOX1,snv,unknown,1,0.09219536363636363,HMOX1,1
5995098,22,35391174,HMOX1,snv,unknown,1,0.31600761111111114,HMOX1,1
5995099,22,35391242,HMOX1,snv,unknown,1,0.34976053846153843,HMOX1,1
5995100,22,35391327,HMOX1,snv,unknown,1,0.3287317857142857,HMOX1,1
5995101,22,35391625,HMOX1,snv,unknown,1,0.33599426666666665,HMOX1,1
5999815,22,35390713,HMOX1,snv,unknown,1,0.3397143888888889,HMOX1,1
6518952,22,35386520,HMOX1,snv,unknown,1,0.08361661111111111,HMOX1,1
7285877,22,35385221,HMOX1,snv,unknown,1,0.13713995,HMOX1,1
8139532,22,35383575,HMOX1,snv,unknown,1,0.13559919999999998,HMOX1,1
8140370,22,35383642,HMOX1,snv,unknown,1,0.07936381818181819,HMOX1,1
8140669,22,35383851,HMOX1,snv,unknown,1,0.092573875,HMOX1,1
8142390,22,35388324,HMOX1,snv,unknown,1,0.35555077777777777,HMOX1,1
9306300,22,35382285,HMOX1,snv,unknown,1,0.12969352380952381,HMOX1,1
9306301,22,35382512,HMOX1,snv,unknown,1,0.42403557142857146,HMOX1,1
9607267,22,35385214,HMOX1,snv,unknown,1,0.3491845,HMOX1,1
9610291,22,35384192,HMOX1,snv,unknown,1,0.05999869230769231,HMOX1,1
9610292,22,35391356,HMOX1,snv,unknown,1,0.3510892142857143,HMOX1,1
9619538,22,35382760,HMOX1,snv,unknown,1,0.1291038125,HMOX1,1
9622194,22,35390970,HMOX1,snv,unknown,1,0.09034571428571428,HMOX1,1
11912889,22,35387624,HMOX1,snv,unknown,1,0.129877,HMOX1,1
11913097,22,35382846,HMOX1,snv,unknown,1,0.07882892307692307,HMOX1,1
11913209,22,35382734,HMOX1,snv,unknown,1,0.13058127777777778,HMOX1,1
16995662,22,35389005,HMOX1,snv,unknown,1,0.09521166666666667,HMOX1,1
17878790,22,35389710,HMOX1,snv,unknown,1,0.11899175,HMOX1,1
17879027,22,35392149,HMOX1,snv,unknown,1,0.09508526666666667,HMOX1,1
17879082,22,35389681,HMOX1,snv,unknown,1,0.10458423076923078,HMOX1,1
17880294,22,35387293,HMOX1,snv,unknown,1,0.0685953,HMOX1,1
17881147,22,35382872,HMOX1,snv,unknown,1,0.08828214285714285,HMOX1,1
17882565,22,35381910,HMOX1,snv,unknown,1,0.09163800000000001,HMOX1,1
17883018,22,35382007,HMOX1,snv,unknown,1,0.10249771428571429,HMOX1,1
17885185,22,35387783,HMOX1,snv,unknown,1,0.076699375,HMOX1,1
17885522,22,35381863,HMOX1,snv,unknown,1,0.12673621052631578,HMOX1,1
17885902,22,35392988,HMOX1,snv,unknown,1,0.05161766666666667,HMOX1,1
17886055,22,35391072,HMOX1,snv,unknown,1,0.10270242857142857,HMOX1,1
36054326,22,35391758,HMOX1,delins,unknown,1,0.0494,HMOX1,1
56033205,22,35382609,HMOX1,snv,unknown,1,0.09693207142857142,HMOX1,1
56160651,22,35388813,HMOX1,snv,unknown,1,0.1542911,HMOX1,1
57667882,22,35385937,HMOX1,delins,unknown,1,0.039124000000000006,HMOX1,1
58712001,22,35382518,HMOX1,delins,unknown,1,0.04437,HMOX1,1
61644386,22,35388752,HMOX1,snv,unknown,1,0.09221,HMOX1,1
61701901,22,35388131,HMOX1,delins,unknown,1,0.08388458333333333,HMOX1,1
73172715,22,35382269,HMOX1,snv,unknown,1,0.10244442857142858,HMOX1,1
73410829,22,35381957,HMOX1,snv,unknown,1,0.08099385714285713,HMOX1,1
74937729,22,35388288,HMOX1,delins,unknown,1,0.057529642857142856,HMOX1,1
77377445,22,35381579,HMOX1,snv,unknown,1,0.077494375,HMOX1,1
79947728,22,35391284,HMOX1,delins,unknown,1,0.2665013333333333,HMOX1,1
112296163,22,35391582,HMOX1,snv,unknown,1,0.06393266666666668,HMOX1,1
113611204,22,35389486,HMOX1,snv,unknown,1,0.1268349375,HMOX1,1
116814805,22,35384024,HMOX1,snv,unknown,1,0.06499033333333333,HMOX1,1
117081927,22,35389141,HMOX1,snv,unknown,1,0.056416428571428576,HMOX1,1
117230447,22,35389474,HMOX1,snv,unknown,1,0.10077882352941175,HMOX1,1
142820071,22,35390618,HMOX1,snv,unknown,1,0.056073307692307686,HMOX1,1
143430077,22,35390011,HMOX1,delins,unknown,1,0.048347893749999996,HMOX1,1
147359911,22,35388467,HMOX1,delins,unknown,1,0.009618,HMOX1,1
148970307,22,35384372,HMOX1,delins,unknown,1,0.016032833333333333,HMOX1,1
149362862,22,35388624,HMOX1,snv,unknown,1,0.0886325,HMOX1,1
190698614,22,35389411,HMOX1,snv,unknown,1,0.118035,HMOX1,1
201144489,22,35381773,HMOX1,delins,unknown,1,0.04936666666666667,HMOX1,1
529181541,22,35389294,HMOX1,snv,unknown,1,0.08809583333333333,HMOX1,1
540109803,22,35389275,HMOX1,snv,unknown,1,0.07065250000000001,HMOX1,1
547250728,22,35389464,HMOX1,snv,unknown,1,0.08618516666666669,HMOX1,1
559996008,22,35389276,HMOX1,snv,unknown,1,0.069982125,HMOX1,1
561077829,22,35382660,HMOX1,delins,unknown,1,0.3277,HMOX1,1
563357002,22,35382672,HMOX1,delins,unknown,1,0.015230333333333332,HMOX1,1
567161613,22,35389466,HMOX1,snv,unknown,1,0.12854525,HMOX1,1
